Titre,Entreprise,Lien,Description,Autres,Date de publication
Responsable Administratif et Financier - Korhogo,ASSOCIATION LA VOUTE NUBIENNE,https://www.emploi.ci/offre-emploi-cote-ivoire/responsable-administratif-financier-korhogo-1480969,"L'Association la Voûte Nubienne (AVN) est une organisation de solidarité internationale à but non lucratif qui s'emploie depuis 2000 à diffuser largement la technique de construction de la Voûte Nubienne (VN) en Afrique de l'Ouest . Sa mission est de permettre l'accès à une architecture durable de qualité, pour le plus grand nombre et le plus rapidement possible. Le programme d’AVN est déployé, jusqu’à présent, dans cinq pays : Burkina Faso, Mali, Sénégal, Bénin et Ghana. Il a déjà permis la réalisation de 7 000 chantiers de bâtiments privés et communautaires, au bénéfice de plus de 70 000 bénéficiaires directs, la formation de plus de 1 400 maçons, générant plus de 4 milliards de Francs CFA en...
+plus","Niveau d´études requis : Bac+3, Bac+4 & Bac+5 et plus; Niveau d'expérience : Expérience entre 2 ans et 5 ans et plus; Contrat proposé : CDD; Région de : Korhogo; Compétences clés : Comptabilité - Finance - Gestion",2024-11-22
Chefs Chantier Ouvrage d´Art - Abidjan,GRB,https://www.emploi.ci/offre-emploi-cote-ivoire/chefs-chantier-ouvrage-art-abidjan-1480479,"Nous sommes à la recherche des  Chefs Chantier Ouvrage d'Art. Missions : Assure la signalétique et le balisage du chantier Organise les tâches et les équipes Établit et suit un planning Prévoit et anticipe les besoins matériels et humains à + 48h et à+ 5 jours Est le chef d'orchestre et assure un bon rendement du chantier Représente l'entreprise auprès des différents interlocuteurs S'assure de la qualité des travaux réalisés Fait respecter les consignes sécurité et qualité Renseigne les différents documents nécessaires à la gestion du chantier Est à l'écoute du client dans le respect des procédures internes Établit , signe les rapports journaliers  Établit les comptes flash des...
+plus","Niveau d´études requis : Bac+3, Bac+4 & Bac+5 et plus; Niveau d'expérience : Expérience entre 5 ans et 10 ans & Expérience > 10 ans; Contrat proposé : CDD; Région de : Abidjan; Compétences clés : Construction - Construction d'Ouvrages - Construction Métallique - Gestion du Chantier",2024-11-22
Commerciaux Terrain - Abidjan,BAYANNO SERVICES,https://www.emploi.ci/offre-emploi-cote-ivoire/commerciaux-terrain-abidjan-1480109,"Nous avons besoin des Commerciaux Terrain. Missions : La vente d'essences de parfum dans les communes d'Abidjan sud précisément. 
+plus","Niveau d´études requis : Qualification avant bac & Bac; Niveau d'expérience : Etudiant, jeune diplômé; Contrat proposé : CDI & CDD; Région de : Abidjan; Compétences clés : Animation Commerciale - Vente",2024-11-22
Commercial B2B - Abidjan,GENUKA,https://www.emploi.ci/offre-emploi-cote-ivoire/commercial-b2b-abidjan-1479384,"Nous sommes à la recherche des Commerciaux B2B. Missions : Prospection : Identifier de nouveaux clients potentiels, établir une relation commerciale et prendre rendez-vous. Négociation commerciale : Négocier les conditions de vente, les prix et les contrats. Vente : Présenter les produits ou services de l'entreprise, répondre aux objections et conclure les ventes. Fidélisation : Assurer un suivi régulier des clients existants, gérer leurs demandes et les inciter à renouveler leurs achats. Reporting : Analyser les résultats de ses activités et rendre compte à sa hiérarchie.
+plus","Niveau d´études requis : Bac+1, Bac+2, Bac+3, Bac+4 & Bac+5 et plus; Niveau d'expérience : Etudiant, jeune diplômé et plus; Contrat proposé : CDI; Région de : Abidjan; Compétences clés : Gestion des Ventes - Négociation - Négociation Commerciale - Prospection - Vente",2024-11-22
Commercial - Abidjan,DSTOK,https://www.emploi.ci/offre-emploi-cote-ivoire/commercial-abidjan-1478215,"Nous sommes à la recherche des Commerciaux. Missions: Développer l'image de la plateforme en fesant des prospects auprès de particuliers et professionnels de la vente Organiser et optimiser vos tournées de clientèle Convaincre  les vendeurs de rejoindre la plateforme  Suivre et coatcher ces vendeurs pour qu'ils puissent entretenir leur compte régulièrement  Dynamiser les inscriptions et publications grâce à votre suivi rigoureux des vendeurs et des prospects Élaborer des reportings précis et réguliers pour la Direction marketing
+plus","Niveau d´études requis : Qualification avant bac, Bac, Bac+1, Bac+2, Bac+3, Bac+4 & Bac+5 et plus; Niveau d'expérience : Etudiant, jeune diplômé et plus; Contrat proposé : CDD, Freelance & Temps partiel; Région de : Abidjan; Compétences clés : Management - Marketing - Vente",2024-11-22
Développeur d´Application Web et Mobile - Abidjan,SIMPLE THREE,https://www.emploi.ci/offre-emploi-cote-ivoire/developpeur-application-web-mobile-abidjan-1477650,"L'équipe SIMPLE THREE recrute un Stagiaire Développeur d'Application Web et Mobile pour intégrer son équipe. Missions : Concevoir et développer des applications web évolutives et sécurisées. Collaborer avec notre équipe pour définir les besoins et les spécifications du projet. Assurer la maintenance et l'optimisation des applications existantes. Appliquer les meilleures pratiques en matière de développement pour garantir des performances élevées et une fiabilité accrue.
+plus","Niveau d´études requis : Bac+2, Bac+3, Bac+4 & Bac+5 et plus; Niveau d'expérience : Débutant < 2 ans et plus; Contrat proposé : CDD, Stage, Freelance & Temps partiel; Région de : Abidjan; Compétences clés : CMS - CODEIGNITER - CSS - HTML - IONIC - JAVASCRIPT - LARAVEL - MYSQL - NODE JS - NOSQL - PRESTASHOP - PYTHON - REACT - SQL - SWIFT - SYMFONY - WORDPRESS - XAMARIN",2024-11-22
Office Manager - Abidjan,FONDATION JEUNESSE NUMÉRIQUE,https://www.emploi.ci/offre-emploi-cote-ivoire/office-manager-abidjan-1477544,"Dans le cadre de la mise en place du pilote du Hub Ivoire Tech (HIT),  qui a pour ambition de créer le plus grand campus de startups et le meilleur écosystème entrepreneurial sous régional. La Fondation Jeunesse Numérique recherche actuellement un(e)  Office Manager  pour rejoindre son équipe. Missions : Rattaché à la Direction Exécutive de la Fondation Jeunesse Numérique, l’Office Manager occupe un poste polyvalent. Il est principalement en charge de (i)la gestion financière & administrative, (ii)la définition de l'offre de service, (iii)du recrutement, (iv)et l’arbitrage des priorités.  Il est le responsable de l'organisation et de l’atteinte des objectifs fixés au...
+plus",Niveau d´études requis : Bac+4 & Bac+5 et plus; Niveau d'expérience : Expérience entre 2 ans et 5 ans et plus; Contrat proposé : CDI; Région de : Abidjan; Compétences clés : Communication - Comptabilité - Dossiers Administratifs - Finance - Financement - Gestion - Gestion des Factures - Gestion Financière - Leadership - Management - Management d'Entreprise - Marketing - Rapports Financiers - Stratégie - Stratégie de Communication,2024-11-22
Technicien en Électricité - Cocody,ENERG&TICS,https://www.emploi.ci/offre-emploi-cote-ivoire/technicien-electricite-cocody-1477062,"Entreprise exerçant principalement dans l'énergie, recrute un Technicien en Électricité. Mission : Effectuer des interventions sur site
+plus","Niveau d´études requis : Bac, Bac+1 & Bac+2; Niveau d'expérience : Etudiant, jeune diplômé & Débutant < 2 ans; Contrat proposé : Stage; Région de : Abidjan; Compétences clés : Production - Qualité",2024-11-22
Commercial Terrain H/F - Abidjan,TOP TÉLÉCOM SERVICES,https://www.emploi.ci/offre-emploi-cote-ivoire/commercial-terrain-hf-abidjan-1477177,"Nous recherchons plusieurs Commerciaux Terrain H/F dynamiques et motivés pour renforcer notre équipe de vente. Mission : Responsables du recrutement clients sur des zones géographiques définis.
+plus","Niveau d´études requis : Qualification avant bac, Bac, Bac+1 & Bac+2; Niveau d'expérience : Etudiant, jeune diplômé et plus; Contrat proposé : Freelance & Alternance; Région de : Abidjan; Compétences clés : Animation des Ventes - Négociation - Vente",2024-11-22
Directeur( Trice) des Opérations - Lomé,AFRICA CONSULTING LEADERS (ACL),https://www.emploi.ci/offre-emploi-cote-ivoire/directeur-trice-operations-lome-1499981,"Dans le cadre de notre développement, nous recherchons un(e ) Directeur( trice ) des Opérations. Nous connaitre Africa Consulting Leaders (ACL) est un opérateur de plateformes technologiques qui accompagne ses clients dans ses projets. Nous cumulons près de 30 ans d'expérience et fournissons aux ports et aux acteurs de la chaine logistique de transport des solutions digitales des plateformes métiers en environnement web associés à des outils FINTEC pour des services de paiement en ligne via des canaux de banque et mobile money. Nous accompagnons nos clients dans leurs activités en garantissant la permanence des services et la proximité à travers notre présence dans toute la sous-région....
+plus",Niveau d´études requis : Bac+5 et plus; Niveau d'expérience : Expérience entre 5 ans et 10 ans - Expérience > 10 ans; Contrat proposé : CDI - CDD; Région de : Abengourou - Abidjan - Aboisso - Adzopé - Agboville - Bondoukou -...; Compétences clés : Gestion - Gestion d'Équipe - Leadership - Management,2024-11-20
Chargés de Clientèle Francophones - Treichville,MAJOREL,https://www.emploi.ci/offre-emploi-cote-ivoire/charges-clientele-francophones-treichville-1496031,"Nous sommes à la recherche des  Chargés de Clientèle Francophones. Missions  : Rattaché au Responsable du Groupe, le  Chargé de Clientèle est amené à répondre aux demandes d’informations, de renseignements ou de réclamations des clients. Énergique, il se doit toujours d'être souriant, aimable et dynamique. Le chargé de clientèle doit avoir le sens de l’écoute pour comprendre et résoudre les problèmes posés par ses interlocuteurs dans un délai raisonnable. Dès votre premier jour d’intégration au sein de l’entreprise, un accompagnement permanent vous sera octroyé. Une formation vous sera dispensée afin de vous apprendre les rudiments du métier et vous doter des compétences...
+plus","Niveau d´études requis : Bac; Niveau d'expérience : Etudiant, jeune diplômé & Débutant < 2 ans; Contrat proposé : Stage; Région de : Abidjan; Compétences clés : Accompagnement - Hôtellerie - Restauration - Tourisme - Vente",2024-11-19
Responsable Diagnostic Automobile - Abidjan,TOPWORK,https://www.emploi.ci/offre-emploi-cote-ivoire/responsable-diagnostic-automobile-abidjan-1494851,"Nous sommes à la recherche d'un  Responsable Diagnostic Automobile. Missions : Sous la supervision du Responsable du SAV / Directeur du SAV, le Responsable Diagnostic Automobile est chargé de : Superviser et coordonner les activités de diagnostic des véhicules au sein de l'atelier Évaluer les problèmes techniques signalés par les clients et établir un diagnostic précis et fiable Encadrer et former l’équipe de techniciens sur les nouvelles technologies, équipements de diagnostic et méthodes de travail Établir les process de diagnostic ainsi que les comptes rendus sur chaque véhicule S’assurer que l’équipe reste à jour sur les procédures et les protocoles de diagnostic spécifiques aux...
+plus",Niveau d´études requis : Bac+3; Niveau d'expérience : Expérience entre 5 ans et 10 ans & Expérience > 10 ans; Contrat proposé : CDI; Région de : Abidjan; Compétences clés : Diagnostic Électronique - Électromécanique - Électronique - Maintenance - Process - Production - Qualité,2024-11-15
Contrôleur de Gestion - Abidjan,SNTCI,https://www.emploi.ci/offre-emploi-cote-ivoire/controleur-gestion-abidjan-1493327,"Société leader dans le domaine de la distribution des produits pétroliers, dans le cadre d'une vacance de poste recherche un Contrôleur de Gestion pour son siège à Abidjan. Missions : Assurer la production et l’analyse des indicateurs de suivi de la performance financière et opérationnelle de la société et coordonner le suivi de la trésorerie. Concevoir et piloter les indicateurs de gestion ;  Suivre l'évolution des résultats financiers de l’entreprise ; Participer à l’élaboration du budget et au suivi budgétaire ;  Participer à la rédaction du rapport de gestion mensuel permettant d’analyser l’évolution des activités de la société selon les instructions communiquées...
+plus",Niveau d´études requis : Bac+4 & Bac+5 et plus; Niveau d'expérience : Expérience entre 2 ans et 5 ans; Contrat proposé : CDI; Région de : Abidjan; Compétences clés : Audit - Comptabilité - Finance - Gestion - Suivi Budgétaire - Suivi de la Trésorerie - Trésorerie,2024-11-12
Responsable Marketing Senior / Secteur : Fintech - Guinée,TOPWORK,https://www.emploi.ci/offre-emploi-cote-ivoire/responsable-marketing-senior-secteur-fintech-guinee-1492490,"Nous sommes à la recherche d'un  Responsable Marketing Senior / Secteur : Fintech. Missions : Collaborer avec la haute direction pour définir et exécuter la stratégie de marketing et de croissance de la division Fintech. Effectuer des études de marché et des analyses approfondies pour identifier les tendances, les opportunités et les perspectives concurrentielles. Créer et gérer des campagnes de marketing intégrées qui communiquent efficacement la proposition de valeur unique de nos produits et services Fintech. Superviser le développement de supports marketing, y compris le contenu numérique, les présentations, les livres blancs et d'autres supports promotionnels. Diriger les efforts de...
+plus",Niveau d´études requis : Bac+5 et plus; Niveau d'expérience : Expérience > 10 ans; Contrat proposé : CDI; Région de : International; Compétences clés : Développement du Produit - Marketing - SEO - Supports Marketing,2024-11-08
Technico-commercial - Abidjan,INSTAHR,https://www.emploi.ci/offre-emploi-cote-ivoire/technico-commercial-abidjan-1487204,"Insta HR est une entreprise canadienne innovatrice axée sur la gestion des ressources humaines, mettant en avant l'agilité comme pilier fondamental de ses services. Nous offrons des solutions personnalisées et flexibles pour répondre aux besoins évolutifs des entreprises modernes. Nous sommes à la recherche d'un(e) Technico-commercial . e motivé(e) pour rejoindre notre équipe. Dans ce rôle, vous aurez la responsabilité de soutenir l'équipe de vente dans les tâches administratives, notamment dans la préparation de soumissions et la communication avec nos fournisseurs. Missions : Création de soumissions : Effectuer des recherches et préparer des devis détaillés en fonction des besoins des clients, en...
+plus",Niveau d´études requis : Bac+3; Niveau d'expérience : Expérience entre 2 ans et 5 ans; Contrat proposé : CDI; Région de : Abidjan; Compétences clés : ASTM - AUTOCAD - BTP - Communication - Maintenance - Métallurgie - Production - Qualité,2024-10-29
Technicien H/F,NEEMBA,https://www.emploi.ci/offre-emploi-cote-ivoire/technicien-hf-1096948,"Nous sommes à la recherche d'un  Technicien H/F. Vos principales missions  : Contrôler et mesurer à partir de plans ou de schémas (tension, intensité, isolement, température), nettoyer, resserrer et remplacer différents organes sur des machines ou groupes électrogènes Préparer les interventions à l'aide de dossiers de construction et de maintenance Procéder aux contrôles prévus dans le programme de maintenance, mesures, vérification du serrage des bornes de connexion… Effectuer les tâches d'entretien nécessaire ou les réparations Effectuer les tests réglementaires de remise en service.
+plus",Niveau d´études requis : Bac+2; Niveau d'expérience : Débutant < 2 ans; Contrat proposé : CDI & CDD; Région de : Abidjan; Compétences clés : Automatisme - BTP - Construction - Électromécanique - Électrotechnique - Énergie - Gaz - Machines - Maintenance - Nucléaire - Production - Qualité,2024-10-26
General Financial Manager - Accra Ghana,AFRICAWORK,https://www.emploi.ci/offre-emploi-cote-ivoire/general-financial-manager-accra-ghana-1484638,"We are recruiting for our client specialized in production and processing of natural raw materials used in cosmetic and food industries, a  General Financiel Manager  in  Accra  (Ghana) responsible of supervising and improving all elements of the financial management, accounting, closing, and reconciliation processes.   Responsabilities : • Compile all information needed to build a regular and concise reporting framework that highlights key financial and operational performance metrics, including sales and profitability by customer and channel, trade spend performance, and other KPIs. • Work with the Finance Department team and the Internal Auditor to prepare a monthly financial reporting...
+plus",Niveau d´études requis : Bac+5 et plus; Niveau d'expérience : Expérience > 10 ans; Contrat proposé : CDI; Région de : International; Compétences clés : Leadership - Management,2024-10-23
Business Developer - Abidjan,TOPWORK,https://www.emploi.ci/offre-emploi-cote-ivoire/business-developer-abidjan-1484658,"Nous sommes à la recherche d'un  Business Developer. Missions : Identifier et prospecter de nouveaux clients (entreprises). Créer et entretenir des relations solides avec les clients existants et potentiels. Proposer et négocier des contrats de services en adéquation avec les besoins des clients.  Mettre en place des partenariats stratégiques pour renforcer la présence de la filiale. Identifier les opportunités de croissance sur de nouveaux secteurs et anticiper les tendances du marché de l’emploi. Travailler en étroite collaboration avec les consultants en recrutement et l'équipe Administrative et Paie pour aligner les offres sur les besoins du marché. Suivre les performances...
+plus","Niveau d´études requis : Bac+3, Bac+4 & Bac+5 et plus; Niveau d'expérience : Expérience entre 2 ans et 5 ans et plus; Contrat proposé : CDI & CDD; Région de : Abidjan; Compétences clés : CRM - Développement Commercial - Négociation - Négociation Commerciale - Prospection - Vente",2024-10-23
Ingénieur Développeur Logiciel JEE Langage C/C++ - Abidjan,PRIME CONSULTING,https://www.emploi.ci/offre-emploi-cote-ivoire/ingenieur-developpeur-logiciel-jee-langage-cc-abidjan-1483058,"Nous sommes à la recherche des  Ingénieurs Développeur Logiciel JEE Langage C/C++ Missions : Rattaché(e) au Directeur des projets et services, vos principales missions dans une petite équipe de six (06) personnes seront : Développer les produits informatiques et monétique en JEE ; Réaliser l’analyse technique et l’étude détaillée des projets ; Contribuer à la définition des spécifications générales ; Adapter et paramétrer les progiciels applicatifs ; Réaliser le prototypage des applications ; Pratiquer les tests usines (et chez le client final) pour la validation du produit ; Identifier et traiter les dysfonctionnements ; Réaliser et assembler les objets et composants...
+plus","Niveau d´études requis : Bac+3, Bac+4 & Bac+5 et plus; Niveau d'expérience : Débutant < 2 ans; Contrat proposé : CDI & CDD; Région de : Abidjan; Compétences clés : AJAX - APACHE - C++ - CSS - ECLIPSE - HIBERNATE - HTML - HTTP - JAVA - JSP - LINUX - MYSQL - ORACLE - SPRING - Technicité - TOMCAT - UNIX - XML",2024-10-19
Consultant Junior Inphb - Abidjan,AFRICAWORK,https://www.emploi.ci/offre-emploi-cote-ivoire/consultant-junior-inphb-abidjan-1483393,"Missions principales  : En tant que  Consultant junior,  vous travaillerez en équipe avec les consultants de la structure, vous épaulerez aussi le développeur dans ses tâches. Vous travaillerez sous la supervision d'un Consultant Senior. Vos missions principales incluront : Analyse et diagnostic  : Collecte et analyse de données (interviews, études de marché, benchmarks). Identification des problèmes et des opportunités d'amélioration. Conception des logiciels en fonction des besoins des clients.   Recommandations  : Participation à l'élaboration de solutions adaptées aux besoins du client. Rédaction de rapports et de présentations avec des recommandations stratégiques...
+plus","Niveau d´études requis : Bac+3, Bac+4 & Bac+5 et plus; Niveau d'expérience : Débutant < 2 ans et plus; Contrat proposé : CDD; Région de : Abidjan; Compétences clés : MS PROJECT",2024-10-19
Assistant(e) Administratif(ve) - Abidjan,NEEMBA,https://www.emploi.ci/offre-emploi-cote-ivoire/assistante-administratifve-abidjan-1482408,"Nous sommes à la recherche d'un(e)  Assistant(e) Administratif(ve). Missions : Gérer les bases de données des clients OGM : Alimenter un fichier clients OGM en Côte d’Ivoire et OFFSHORE (Europe/USA) Partager cette base de données avec le guichet OGM de JADELMAS Prospecter les clients, suivre la concurrence, mesurer le marché et établir le budget annuel (Sous supervision du Responsable régional OGM : Établir les rapports de visite et les plans d’action Assurer le tracking des navires (logiciel, géolocalisation) Suivre la concurrence, repérer les livraisons des pièces CAT par les concurrents Réclamer les CES à CAT sur les pièces vendues par les concurrents Mesurer le marché...
+plus","Niveau d´études requis : Bac+2, Bac+3, Bac+4 & Bac+5 et plus; Niveau d'expérience : Etudiant, jeune diplômé & Débutant < 2 ans; Contrat proposé : CDD; Région de : Abidjan; Compétences clés : Conseil - Formation - Hydraulique - Hydraulique Mécanique - Mécanique - Mécanique Électrique - Mécanique Hydraulique - Production - Productivité - Qualité - Réception",2024-10-18
Responsable Production / Secteur : Production Vins & Spiritueux - Conakry,TOPWORK,https://www.emploi.ci/offre-emploi-cote-ivoire/responsable-production-secteur-production-vins-spiritueux-conakry-1482679,"Nous sommes à la recherche d'un  Responsable Production dans le secteur Production Vins & Spiritueux. Missions : Veiller au maintien en bon état de marche des équipements industriels et à la réalisation de la production suivant les normes généralement admises ; Élaborer les spécifications techniques des équipements à acquérir ; Élaborer les cahiers des charges et le dossier de commande pour les équipements concernés ; Manager les équipes de production et de maintenance ; Assurer le bon déroulement de la production ; Contrôler le fonctionnement des machines de manières permanente ; Réaliser la maintenance préventive suivant les préconisations du fabriquant des équipements ou du planning de...
+plus",Niveau d´études requis : Bac+4 & Bac+5 et plus; Niveau d'expérience : Expérience entre 5 ans et 10 ans & Expérience > 10 ans; Contrat proposé : CDI; Région de : International; Compétences clés : Gestion de la Production - Gestion de la Qualité - Machines - Maintenance - Maintenance Préventive - Production - Qualité,2024-10-18
Commercial Matériels Lourds - Abidjan,NEEMBA,https://www.emploi.ci/offre-emploi-cote-ivoire/commercial-materiels-lourds-abidjan-1435058,"Nous sommes à la recherche d'un  Commercial Matériels Lourds. Missions : Faire la prospection et le démarchage clients, assurer le suivi des commandes. Organiser les visites de suivi clientèle, organiser les relances clients. Mettre à jour et assurer un mailing commercial pour le portefeuille des entreprises TP. Répondre aux appels d'offres et participer à l’élaboration des dossiers de soumission. Effectuer le suivi du portefeuille client et des commandes : assurer la traçabilité jusqu’à la livraison des matériels et au règlement conforme. Assurer la satisfaction des clients, l’interface entre les services et les clients dédiés, et la gestion du stock de matériel. Participer à la...
+plus","Niveau d´études requis : Bac+3, Bac+4 & Bac+5 et plus; Niveau d'expérience : Débutant < 2 ans et plus; Contrat proposé : CDD; Région de : Abidjan; Compétences clés : Communication - Mailing - Marketing - Négociation - Plan Marketing - Prospection - Vente",2024-10-17
Agent Commercial - Bouaké,VISION PLUS VOYAGES,https://www.emploi.ci/offre-emploi-cote-ivoire/agent-commercial-bouake-1484311,"Nous recherchons pour nos besoins de service des profils d' Agent Commercial  sur la ville de  Bouaké . Missions  : Développer le portefeuille client avec les objectifs en termes de volume d'activité et de revenu Être le point focal du client sur les différents produits et services de l'entreprise Construire des relations durables et mutuellement bénéfiques entre les clients et l'entreprise Élaborer et exécuter des plans d'actions commerciales pour les clients existants et les prospects en plus du suivi client Participer activement au projet d'amélioration continue de l'entreprise.
+plus","Niveau d´études requis : Bac+3, Bac+4 & Bac+5 et plus; Niveau d'expérience : Expérience entre 2 ans et 5 ans et plus; Contrat proposé : CDD; Région de : Bouaké; Compétences clés : Actions Commerciales - Communication - Gestion Marketing - Marketing - Vente",2024-10-16
Conseiller en Assurances (H/F) - Treichville,YONIVERS,https://www.emploi.ci/offre-emploi-cote-ivoire/conseiller-assurances-hf-treichville-1479970,"Nous recherchons un(e) Commercial(e) en Assurance (H/F) de personnes passionné(e) par la vente et le contact humain, prêt(e) à rejoindre une petite équipe soudée et motivée. Vous évoluerez dans un cadre exceptionnel, au sein de bureaux modernes et accueillants qui reflètent l’esprit jeune et dynamique de notre entreprise. Notre clientèle est fidèle et apprécie notre approche personnalisée, mais nous souhaitons également continuer à développer notre réseau de manière proactive. Missions: Contribution à l’effort commercial : Vous jouerez un rôle clé dans le développement de notre portefeuille clients dans le domaine de l'assurance de personnes (santé, prévoyance, épargne, etc.), en conseillant et en...
+plus","Niveau d´études requis : Qualification avant bac, Bac, Bac+1, Bac+2, Bac+3, Bac+4 & Bac+5 et plus; Niveau d'expérience : Expérience entre 2 ans et 5 ans et plus; Contrat proposé : CDI & CDD; Région de : Abidjan; Compétences clés : Actions Commerciales - Développement Commercial - Vente",2024-10-15
Responsable Production - Conakry,TOPWORK,https://www.emploi.ci/offre-emploi-cote-ivoire/responsable-production-conakry-1480307,"Nous sommes à la recherche d'un  Responsable Production Missions: Veiller à l’acquisition d’équipements performants aux meilleures conditions coût/efficacité ; Veiller au maintien en bon état de marche des équipement industriels et à la réalisation de la production suivant les normes généralement admises ; Élaborer les spécifications techniques des équipements à acquérir ; Élaborer les cahiers des charges et le dossier de commande pour les équipements concernés ; Manager les équipes de production et de maintenance ; Assurer le bon déroulement de la production ; Contrôler le fonctionnement des machines de manières permanente ; Réaliser la maintenance préventive...
+plus",Niveau d´études requis : Bac+4 & Bac+5 et plus; Niveau d'expérience : Expérience entre 5 ans et 10 ans & Expérience > 10 ans; Contrat proposé : CDI; Région de : International; Compétences clés : Électromécanique - Équipement - Gestion de la Production - Gestion de la Qualité - Machines - Maintenance - Maintenance Préventive - Production - Qualité,2024-10-15
Coordinateur(trice) ADV - Abidjan,YESHI GROUP,https://www.emploi.ci/offre-emploi-cote-ivoire/coordinateurtrice-abidjan-1479629,"Nous sommes à la recherche d'un(e)  Coordinateur(trice). Missions: Faire l’interface entre les commerciaux et les clients (incluant l’accueil téléphonique et physique des clients) Faire le suivi des demandes de cotation Faire l’interface entre les commerciaux et le service de livraison Gérer les commandes partielles Faire le traitement et le suivi des appels d’offres Faire la mise à jour des tableaux de bord (compiles des offres) : transmettre hebdomadairement le tableau récapitulatif des AO Veiller à ce que les cotations soient traitées en temps réel en s’assurant que les devis sont bien transmis aux personnes ressources Interagir entre le service clients terme pour le...
+plus","Niveau d´études requis : Bac+2, Bac+3, Bac+4 & Bac+5 et plus; Niveau d'expérience : Expérience entre 2 ans et 5 ans et plus; Contrat proposé : CDI & CDD; Région de : Abidjan; Compétences clés : Devis",2024-10-12
Juriste - Abidjan,AFRICAWORK,https://www.emploi.ci/offre-emploi-cote-ivoire/juriste-abidjan-1479359,"Missions principale Le juriste d’entreprise exerce un rôle préventif auprès des entreprises pour éviter qu’elles encourent des risques juridiques.  Il veille à ce que l’entreprise se développe dans le strict respect du droit. Dans cette optique, le juriste d’entreprise a pour missions de : Veille à l’application de la loi auprès de tous les services : production, ressources humaines, etc, Défend les intérêts d’une entreprise en cas de contentieux, Veille à l’application du droit des entreprises, Conseille sur les questions de droit, Intervient en cas de litige.
+plus",Niveau d´études requis : Bac+4 & Bac+5 et plus; Niveau d'expérience : Expérience entre 2 ans et 5 ans et plus; Contrat proposé : CDI; Région de : Abidjan; Compétences clés : Contentieux - Droit - Droit des Entreprises - Risques Juridiques,2024-10-11
Comptable - Sediogo,RECRUITMENT,https://www.emploi.ci/offre-emploi-cote-ivoire/comptable-sediogo-1478866,"Une entreprise agro-industrielle, spécialisée dans le conditionnement, la transformation et l’exportation des produits agricoles frais et séchés, basée à Sediogo, située entre Ferkessédougou et Korhogo (RCI), recherche, pour renforcer un  Comptable. Missions: Organiser la comptabilité dans son ensemble. Gérer les appels téléphoniques et l'accueil des visiteurs. Rédiger les correspondances et les rapports. Vérifier les factures des fournisseurs conformément aux instructions. Assurer le dispatching des factures vérifiées. Établir les factures clients (ventes). Vérifier et élaborer les bulletins et états de paie du personnel (saisonnier et permanent). Rédiger les contrats de travail et de prestation....
+plus","Niveau d´études requis : Bac+2, Bac+3, Bac+4 & Bac+5 et plus; Niveau d'expérience : Expérience entre 2 ans et 5 ans et plus; Contrat proposé : CDD; Région de : Ferkessédougou & Korhogo; Compétences clés : Comptabilité - Droit Fiscal - États Financiers - Finance - Gestion - Inventaire - POWERPOINT - Trésorerie - WORD",2024-10-10
Administrative Assistant (H/F) - Abidjan,CAPITAL MINING,https://www.emploi.ci/offre-emploi-cote-ivoire/administrative-assistant-hf-abidjan-1478616,"We are looking for an Administrative Assistant (H/F) Responsibilities: Assists with daily administrative duties and completes a broad variety of administrative tasks to assist Manager and operations requirement. Act as translator for interactions in spoken and written French and English, including official documentations, being able to convert material into another language while maintaining original meaning. Support Finance with petty cash management (if required) and collection of cheques and receipts. Arrange delivery of physical documents to various destinations as required Manage travel planning and assist with visa-related matters. Ensure Camp/Accommodation is maintained effectively (including food, supplies...
+plus","Niveau d´études requis : Bac+3, Bac+4 & Bac+5 et plus; Niveau d'expérience : Expérience entre 2 ans et 5 ans et plus; Contrat proposé : CDI & CDD; Région de : Abidjan; Compétences clés : Administration - Assistanat - Communication - Communication RH - Formation - Marketing - Secrétariat - Support - WORD",2024-10-09
Directeur Groupe d’Écoles Supérieures - San-Pédro,AFRICAWORK,https://www.emploi.ci/offre-emploi-cote-ivoire/directeur-groupe-ecoles-superieures-san-pedro-1478633,"Nous sommes à la recherche d'un  Directeur Groupe d’Écoles Supérieures Missions: Définir la vision des Écoles composant le Groupe; Déterminer les missions des organes stratégiques et fonctionnels du groupe; Valider les plans d’actions annuels des Directeurs des Écoles, du Secrétaire Général; Approuver le rapport d’activités de chaque organe; Recruter et nommer les ressources des organes stratégiques; Garantir l’établissement d’une image de qualité et d’institution internationale à travers les partenariats; Élaborer le plan d’actions de l’année académique soumis au fondateur (ouverture de nouvelles filières, volumes horaires, emplois du temps...
+plus",Niveau d´études requis : Bac+5 et plus; Niveau d'expérience : Expérience > 10 ans; Contrat proposé : CDI; Région de : San-Pédro; Compétences clés : Business Management - Éducation - Gestion - Gestion Administrative - Management - Stratégie,2024-10-09
Conducteur Moulin - Divers Villes En France,MAINTENANCE AKADEMY,https://www.emploi.ci/offre-emploi-cote-ivoire/conducteur-moulin-divers-villes-france-1478697,"Nous sommes à la recherche d'un  Conducteur Moulin  Missions Met en œuvre , contrôle et pilote les opérations de mélange, de nettoyage, de conditionnement et de mouture des blés selon le programme déterminé par le Chef meunier. Applique les procédures et les consignes de fabrication du service moulin Effectue les contrôles nécessaires au pilotage du moulin et les prélèvements d’échantillons pour le laboratoire d’analyses et le fournil de panification Effectue un relevé journalier des stocks de farines et produits Met en place et suit les enregistrements nécessaires à la traçabilité des farines et ingrédients Réalise et enregistre les contrôles garantissant la sécurité des aliments Est...
+plus","Niveau d´études requis : Bac, Bac+1, Bac+2, Bac+3, Bac+4 & Bac+5 et plus; Niveau d'expérience : Expérience entre 5 ans et 10 ans & Expérience > 10 ans; Contrat proposé : CDI; Région de : International; Compétences clés : Fabrication - Maintenance - Process - Processus - Production - Qualité",2024-10-09
Gestionnaire de Paie - Abidjan,TOPWORK,https://www.emploi.ci/offre-emploi-cote-ivoire/gestionnaire-paie-abidjan-1478410,"Nous sommes à la recherche d'un  Gestionnaire de Paie   Missions: Assurer le traitement de la paie ainsi que la gestion courante des salariés de l'entreprise. S'occuper des formalités administratives liées à l'embauche, de la collecte des éléments nécessaires à l'élaboration des paies, de l'édition des bulletins de salaires, des déclarations sociales et des relations avec les caisses de retraite.  Préparer les bulletins de salaire via un système informatisé spécifique. Saisir les différents éléments variables constitutifs de la rémunération (heures supplémentaires, absences, titres restaurant, traitement des saisies et arrêts sur salaire, primes...). Vérifier les charges puis...
+plus","Niveau d´études requis : Bac+3, Bac+4 & Bac+5 et plus; Niveau d'expérience : Expérience entre 2 ans et 5 ans & Expérience entre 5 ans et 10 ans; Contrat proposé : CDI & CDD; Région de : Abidjan; Compétences clés : Bilan Social - Embauche - Formation - Traitement de la Paie",2024-10-08
Stagiaire Assistante Social(e) - Abidjan,NEEMBA,https://www.emploi.ci/offre-emploi-cote-ivoire/stagiaire-assistante-sociale-abidjan-1476851,"En tant que Stagiaire Assistant(e) Social(e) RH, vous collaborerez étroitement avec le/la Chargé(e) du Social RH pour assurer le bien-être des employés. Vous participerez à l'écoute des collaborateurs, les orienterez sur les dispositifs sociaux en vigueur et aiderez à la mise en place d'actions en faveur de leur qualité de vie au travail. Ce stage vous permettra de découvrir le rôle clé du service social dans la gestion des ressources humaines. Missions : Assister le/la chargé(e) du Service Social(e) dans la coordination des activités du service. Aider à la gestion des déclarations sociales et à la mise à jour des dossiers du personnel. Assister dans le suivi des dossiers d'assurance santé du personnel....
+plus","Niveau d´études requis : Bac+3, Bac+4 & Bac+5 et plus; Niveau d'expérience : Etudiant, jeune diplômé; Contrat proposé : Stage; Région de : Abidjan; Compétences clés : Formation - Gestion des Ressources Humaines",2024-10-03
ANGULAR Developer (M/F),AFRICASHORE,https://www.emploi.ci/offre-emploi-cote-ivoire/angular-developer-mf-1386339,"We are looking for ANGULAR Developer profiles / CVs to pass on to our clients for their future recruitment campaigns.   Mission:   Working within a Team to determine needs and applying / customizing existing technology to meet those needs. Producing detailed specifications and writing the program codes that perform efficiently. Write clean, scalable, reusable code using ANGULAR framework such as LumX, NGX-Bootstrap, Vue.js etc. Be responsible for providing technical guidance or solutions. Define, advocate, and implement best practices and coding standards for the team. Develop and guide the team members in enhancing their technical capabilities and increasing productivity. Manage, train...
+plus","Niveau d´études requis : Bac+3; Niveau d'expérience : Expérience entre 5 ans et 10 ans; Contrat proposé : CDI, CDD - Freelance; Région de : Abengourou - Abidjan - Aboisso - Adzopé - Agboville - Bondoukou -...; Compétences clés : BOOTSTRAP - CSS3 - CVS - GIT - JAVASCRIPT - JQUERY - LESS - MVC - MYSQL - REST",2024-08-30
DevOps Engineer (M/F),AFRICASHORE,https://www.emploi.ci/offre-emploi-cote-ivoire/devops-engineer-mf-1386340,"We are looking for DevOps Engineer profiles / CVs to pass on to our clients for their future recruitment campaigns.   Mission:   Ensure effective Design, Development, Validation and Support activities. Defining and setting development, test, release, deploy/implementation for DevOps operation. To play a key role in the overall estimation of work requirements. Be a key contributor to building efficient programs/ systems. Application Development and Maintenance. Knowledge of design principles and fundamentals of architecture. Knowledge of quality processes and estimation techniques. Basic understanding of project domain. Ability to translate functional / nonfunctional requirements...
+plus","Niveau d´études requis : Bac+3; Niveau d'expérience : Expérience entre 5 ans et 10 ans; Contrat proposé : CDI, CDD - Freelance; Région de : Abengourou - Abidjan - Aboisso - Adzopé - Agboville - Bondoukou -...; Compétences clés : AGILE - APACHE - ARTIFACTORY - AZURE - CVS - DOCKER - DYNATRACE - ECLIPSE - GIT - GITLAB - GROOVY - JAVA - JAVASCRIPT - JBOSS - JENKINS - JIRA - LESS - LINUX - ORACLE - POSTGIS - POSTGRESQL - PYTHON - SCRUM - SHELL - SONARQUBE - WEBLOGIC",2024-08-30
DOTNET Developer (M/F),AFRICASHORE,https://www.emploi.ci/offre-emploi-cote-ivoire/dotnet-developer-mf-1386341,"We are looking for DOTNET Developer profiles / CVs to pass on to our clients for their future recruitment campaigns.   Mission:   Working within a Team to determine needs and applying / customizing existing technology to meet those needs. Producing detailed specifications and writing the program codes that perform efficiently. Write clean, scalable, reusable code using.NET programming languages. Advanced conceptual understanding of at least one Programming Language. Advanced conceptual understanding of one database and one Operating System. Understanding of Software Engineering with practice in at least one project. Exposure to Design Principles and ability to understand Design...
+plus","Niveau d´études requis : Bac+3; Niveau d'expérience : Expérience entre 5 ans et 10 ans; Contrat proposé : CDI, CDD - Freelance; Région de : Abengourou - Abidjan - Aboisso - Adzopé - Agboville - Bondoukou -...; Compétences clés : API - ASP - C# - CSS - CVS - DOTNET - FRONT END - HTML - HTTP - LINUX - MVC - MYSQL - NET - QUERY - REST - SOAP - SQL",2024-08-30
IOS Developer (M/F),AFRICASHORE,https://www.emploi.ci/offre-emploi-cote-ivoire/ios-developer-mf-1386342,"We are looking for iOS Developer profiles / CVs to pass on to our clients for their future recruitment campaigns.   Mission:   Implement, develop, and fix code according to corporate coding standards. Design and build advanced applications for the iOS platform. IOS Developer, who is responsible for App development with quality and by following the best practices. Ability to write scalable and maintainable code. Coordinate with other team members to ensure that all TMs are in sync. Be self-starter and goal-oriented with strong analytical and problem-solving skills. Ability to work cooperatively within a strong diverse technical community to expedite development tasks. Collaborate...
+plus","Niveau d´études requis : Bac+3; Niveau d'expérience : Expérience entre 5 ans et 10 ans; Contrat proposé : CDI, CDD - Freelance; Région de : Abengourou - Abidjan - Aboisso - Adzopé - Agboville - Bondoukou -...; Compétences clés : AGILE - APP - COCOA - CVS - FOUNDATION - GIT - SWIFT - TMS",2024-08-30
JAVA Developer (M/F),AFRICASHORE,https://www.emploi.ci/offre-emploi-cote-ivoire/java-developer-mf-1386343,"We are looking for JAVA Developer profiles / CVs to pass on to our clients for their future recruitment campaigns.   Mission:   Working within a Team to determine needs and applying / customizing existing technology to meet those needs. Producing detailed specifications and writing the program codes that perform efficiently. Write clean, scalable, reusable code using JAVA Framework sach as Spring, Struts, JSF, GWT etc. Lead a team closely with complete authority and accountability to deliver high quality software products in a fast-paced environment. Guide your team members on latest technologies including Java, Spring, Spring-Boot, Angular, Hibernate, Grails, Groovy, Kafka, Redis, Hazelcast...
+plus","Niveau d´études requis : Bac+3; Niveau d'expérience : Expérience entre 5 ans et 10 ans; Contrat proposé : CDI, CDD - Freelance; Région de : Abengourou - Abidjan - Aboisso - Adzopé - Agboville - Bondoukou -...; Compétences clés : AGILE - API - BOOTSTRAP - CONFLUENCE - CVS - GIT - GRAILS - GROOVY - GWT - HIBERNATE - HTML - JAVA - JAVASCRIPT - JENKINS - JIRA - JQUERY - JSF - MYSQL - ORACLE - REDIS - SPRING - STRUTS",2024-08-30
JAVA JEE Developer (M/F),AFRICASHORE,https://www.emploi.ci/offre-emploi-cote-ivoire/java-jee-developer-mf-1386344,"We are looking for JAVA JEE Developer profiles / CVs to pass on to our clients for their future recruitment campaigns.   Mission:   Good exposure to Core Java, MySQL server as DB. Maintain source code control of all application code, scripts, and database definition language. Design, Develop, Implement and/or Manage project. Responsible for development, focusing on designs, coding, testing, quality assurance of complex product features in a development team. Show initiative and drive topics to resolution in a high level of quality, speed, reliability and efficiency considering the essential non-functional requirements. Analyzing clients' requirements and produce technical proposals,...
+plus","Niveau d´études requis : Bac+3; Niveau d'expérience : Expérience entre 5 ans et 10 ans; Contrat proposé : CDI, CDD - Freelance; Région de : Abengourou - Abidjan - Aboisso - Adzopé - Agboville - Bondoukou -...; Compétences clés : AGILE - ANGULAR JS - AZURE - BIG DATA - CASSANDRA - COUCHBASE - CSS - CVS - DOCKER - GIT - HADOOP - HIBERNATE - HTML - J2EE - JAVA - JAVA JEE - JAVASCRIPT - JBOSS - JENKINS - MAVEN - MVC - MYSQL - NOSQL - ORACLE - REDIS - REST - SOAP - SPARK - SPRING - SQL - STRUTS - WEBLOGIC",2024-08-30
JAVASCRIPT Developer (M/F),AFRICASHORE,https://www.emploi.ci/offre-emploi-cote-ivoire/javascript-developer-mf-1386345,"We are looking for JAVASCRIPT Developer profiles / CVs to pass on to our clients for their future recruitment campaigns.   Mission:   Primarily responsible for developing software components using Core JavaScript, HTML5 and CSS. Ensure designs are in compliance with specifications. Prepare and produce releases of software components. Help maintain code quality, organization, unit tests and automation. Support continuous improvement by investigating alternatives and technologies and presenting these for architectural review. Building sustainable coding that may be used in the future. Modifying designs and specifications of complex applications. Analyzing code, requirements, system...
+plus","Niveau d´études requis : Bac+3; Niveau d'expérience : Expérience entre 5 ans et 10 ans; Contrat proposé : CDI, CDD - Freelance; Région de : Abengourou - Abidjan - Aboisso - Adzopé - Agboville - Bondoukou -...; Compétences clés : ANGULAR JS - API - BACKBONE JS - CSS - CVS - DOJO - HTML - JAVASCRIPT - JENKINS - JQUERY - MONGODB - ORACLE",2024-08-30
KOTLIN Developer (M/F),AFRICASHORE,https://www.emploi.ci/offre-emploi-cote-ivoire/kotlin-developer-mf-1386346,"We are looking for KOTLIN Developer profiles / CVs to pass on to our clients for their future recruitment campaigns.   Mission:   Working directly with developers and product managers to conceptualize, build, test and release products. Carefully evaluate the technical trade-offs of every decision. Work on bug fixing and improving application performance. Deliver quality code in an efficient manner. Continuously discover, evaluate, and implement new technologies to maximize development efficiency. Optimizing performance for the apps and keep up to date on the latest industry trends in the mobile technologies. Collaborating with UI and UX Designers, as well as Software Testers, to...
+plus","Niveau d´études requis : Bac+3; Niveau d'expérience : Expérience entre 5 ans et 10 ans; Contrat proposé : CDI, CDD - Freelance; Région de : Abengourou - Abidjan - Aboisso - Adzopé - Agboville - Bondoukou -...; Compétences clés : AGILE - ANDROID - API - APP - AZURE - CVS - DNS - DOCKER - GIT - JAVA - JENKINS - LOAD BALANCING - MAC - MAVEN - MVVM - OPENSTACK - PAAS - SDK - TCP IP - TDD - UDP - XML",2024-08-30
LARAVEL Developer (M/F),AFRICASHORE,https://www.emploi.ci/offre-emploi-cote-ivoire/laravel-developer-mf-1386347,"We are looking for LARAVEL Developer profiles / CVs to pass on to our clients for their future recruitment campaigns.   Mission:   Develop, test, and maintain applications to specified designs & standards in Laravel. Develop & implement modern web services using service-oriented architecture, RESTful APIs, and SOAP. Write and execute unit tests. Implement front-end interfaces & experiences with modern HTML/CSS/jQuery. Test, troubleshoot, and optimize application components for maximum speed, security, stability and scalability. Developing and maintaining dynamic websites and web applications. Develop and deploy new features to facilitate related procedures and tools if...
+plus","Niveau d´études requis : Bac+3; Niveau d'expérience : Expérience entre 5 ans et 10 ans; Contrat proposé : CDI, CDD - Freelance; Région de : Abengourou - Abidjan - Aboisso - Adzopé - Agboville - Bondoukou -...; Compétences clés : AJAX - CODEIGNITER - CSS - CVS - GIT - HTML - JAVASCRIPT - JQUERY - LARAVEL - MARIADB - MVC - MYSQL - NOSQL - QUERY - SOAP - SQL - TFS",2024-08-30
NODE.JS Developer (M/F),AFRICASHORE,https://www.emploi.ci/offre-emploi-cote-ivoire/nodejs-developer-mf-1386348,"We are looking for NODE.JS Developer profiles / CVs to pass on to our clients for their future recruitment campaigns.   Mission:   Design and develop business logic and backend services for full-scale applications. Be responsible for designing, coding, testing, and implementing web applications. Write scalable, robust, testable, efficient, and easily maintainable code for our online comparison calculators and internal tools. Be responsible for system design and application development of web applications. Documenting Node.js processes, including database schemas, as well as preparing reports. Design and implementation of low-latency, high-availability, and high-performance applications...
+plus","Niveau d´études requis : Bac+3; Niveau d'expérience : Expérience entre 5 ans et 10 ans; Contrat proposé : CDI, CDD - Freelance; Région de : Abengourou - Abidjan - Aboisso - Adzopé - Agboville - Bondoukou -...; Compétences clés : BOOTSTRAP - CSS3 - CVS - DOCKER - GIT - JAVASCRIPT - JIRA - JQUERY - JSON - LESS - MONGODB - MVC - MYSQL - NODE JS - NOSQL - POSTGRESQL - REACT - REDIS - REST - SQL - XML",2024-08-30
OBJECTIVE-C Developer (M/F),AFRICASHORE,https://www.emploi.ci/offre-emploi-cote-ivoire/objective-c-developer-mf-1386349,"We are looking for OBJECTIVE-C Developer profiles / CVs to pass on to our clients for their future recruitment campaigns.   Mission:   Design and build advanced applications for the iOS platform. Analyze client business requirements and user experience to shape, design, and build custom mobile experiences for the clients. Collaborate with cross-functional teams to define, design, and ship new features. Ensure the performance, quality, and responsiveness of applications. Unit-test code for robustness, including edge cases, usability, and general reliability. Work on bug fixing and improving application performance. Help maintain code quality, organization, and automatization. Work on...
+plus","Niveau d´études requis : Bac+3; Niveau d'expérience : Expérience entre 5 ans et 10 ans; Contrat proposé : CDI, CDD - Freelance; Région de : Abengourou - Abidjan - Aboisso - Adzopé - Agboville - Bondoukou -...; Compétences clés : ANDROID - APP - COCOA - CSS - CVS - EDGE - GIT - HTML - JAVASCRIPT - JQUERY - JSON - LINUX - MAC - MERCURIAL - OSX - REST - SWIFT - XML",2024-08-30
PHP Developer (M/F),AFRICASHORE,https://www.emploi.ci/offre-emploi-cote-ivoire/php-developer-mf-1386350,"We are looking for PHP Developer profiles / CVs to pass on to our clients for their future recruitment campaigns.   Mission:   Writing clean, fast code PHP to a high standard, in a timely and scalable way. Design E-Commerce websites and Dashboards using PHP, and Strong Knowledge on Integrations Like, Payment gateway, APi s etc. Establishing and guiding the website s architecture. Conducting analysis of website and application requirements. Writing back-end code and building efficient PHP modules. Developing back-end portals with an optimized database. Updating and altering application features to enhance performance. Helping formulate an effective, responsive design and turning it...
+plus","Niveau d´études requis : Bac+3; Niveau d'expérience : Expérience entre 5 ans et 10 ans; Contrat proposé : CDI, CDD - Freelance; Région de : Abengourou - Abidjan - Aboisso - Adzopé - Agboville - Bondoukou -...; Compétences clés : AJAX - API - CODEIGNITER - CSS3 - CVS - GIT - JAVASCRIPT - LARAVEL - MAGENTO - MERCURIAL - MONGODB - MVC - MYSQL - NOSQL - ORACLE - SQL - SYMFONY - XML - ZEND",2024-08-30
PYTHON Developer (M/F),AFRICASHORE,https://www.emploi.ci/offre-emploi-cote-ivoire/python-developer-mf-1386351,"We are looking for PYTHON Developer profiles / CVs to pass on to our clients for their future recruitment campaigns.   Mission:   Design, implement, maintain and deploy applications. Convert specifications and requirements into functional application code. Demonstrate focus on quality (unit testing, system testing, user acceptance testing) and product support ownership... Support deployments and releases. Creating products that are user-friendly, effective and appealing. Enforce good programming practices. Contribute to develop, maintain and improve in house python applications. Work closely with other development teams to ensure successful implementation of applications. Conduct...
+plus","Niveau d´études requis : Bac+3; Niveau d'expérience : Expérience entre 5 ans et 10 ans; Contrat proposé : CDI, CDD - Freelance; Région de : Abengourou - Abidjan - Aboisso - Adzopé - Agboville - Bondoukou -...; Compétences clés : AGILE - API - CSS - CVS - DJANGO - HTML - PYTHON - SCRUM - SQL - TORNADO",2024-08-30
QA Tester (M/F),AFRICASHORE,https://www.emploi.ci/offre-emploi-cote-ivoire/qa-tester-mf-1386352,"We are looking for QA Tester profiles / CVs to pass on to our clients for their future recruitment campaigns.   Mission:   Work on tasks identified in the testing strategy and plan. Be responsible for the accurate recording of defects and the collation of metrics and KPI information for reporting purposes. Articulation of defects in detailed manner, assigning defects to technical teams, capturing target fix dates. Identifie the tasks and resources needed to ensure that their specific portion of the testing process meets software quality requirements prior to release into a live environment. Establish the testing process such as test automation, performance testing, testing process, test...
+plus","Niveau d´études requis : Bac+3; Niveau d'expérience : Expérience entre 5 ans et 10 ans; Contrat proposé : CDI, CDD - Freelance; Région de : Abengourou - Abidjan - Aboisso - Adzopé - Agboville - Bondoukou -...; Compétences clés : AGILE - API - APP - CVS - JAVA - MAVEN - MYSQL - SCRUM - SELENIUM - SQL",2024-08-30
REACT Developer (M/F),AFRICASHORE,https://www.emploi.ci/offre-emploi-cote-ivoire/react-developer-mf-1386353,"We are looking for REACT Developer profiles / CVs to pass on to our clients for their future recruitment campaigns.   Mission:   Responsible for requirement analysis, Design and Development of modules. Using React and Redux, design and develop user interface components for JavaScript-based online and mobile apps. Develop new user-facing features. Build reusable code and libraries for future use. Ensure the technical feasibility of UI/UX designs. Writing application interface codes using JavaScript following react.js workflows. Review code, elicit requirements and design specifications. Prepares the deployment documents and deploys the code. Reports status to Project management...
+plus","Niveau d´études requis : Bac+3; Niveau d'expérience : Expérience entre 5 ans et 10 ans; Contrat proposé : CDI, CDD - Freelance; Région de : Abengourou - Abidjan - Aboisso - Adzopé - Agboville - Bondoukou -...; Compétences clés : BOOTSTRAP - CSS - CVS - GIT - JAVA - JAVASCRIPT - JQUERY - LESS - REACT",2024-08-30
RUBY ON RAILS Developer (M/F),AFRICASHORE,https://www.emploi.ci/offre-emploi-cote-ivoire/ruby-on-rails-developer-mf-1386354,"We are looking for RUBY ON RAILS Developer profiles / CVs to pass on to our clients for their future recruitment campaigns.   Mission:   Providing enhancements to the application platform with specific emphasis on sound fundamental development methodology in Ruby on Rails. Design and develop responsive, high performing web applications using modern techniques and frameworks as well as write tests and perform code reviews in a dynamic, fast paced agile environment. Maintain responsibility for analysis of Incident Tickets & Resolution, supply to Continual Service Improvement Programs. Writte and maintain reliable Ruby code. Integrating user-facing elements designed by the front-end team...
+plus","Niveau d´études requis : Bac+3; Niveau d'expérience : Expérience entre 5 ans et 10 ans; Contrat proposé : CDI, CDD - Freelance; Région de : Abengourou - Abidjan - Aboisso - Adzopé - Agboville - Bondoukou -...; Compétences clés : AGILE - CSS - CVS - DOCKER - GIT - HTML - JAVASCRIPT - JIRA - JQUERY - MONGODB - MYSQL - POSTGRESQL - RUBY ON RAILS",2024-08-30
SWIFT Developer (M/F),AFRICASHORE,https://www.emploi.ci/offre-emploi-cote-ivoire/swift-developer-mf-1386355,"We are looking for SWIFT Developer profiles / CVs to pass on to our clients for their future recruitment campaigns.   Mission:   We are looking for an iOS/Swift developer responsible for the development and maintenance of applications aimed towards iOS and OS X, including mobile phones, tablets, and full. Plan, design and build advanced and build secure applications for iOS and OS X platform. Monitor the performance, quality, and responsiveness of company s applications. Work with the rest of the team to define, design, and develop new features. Find and fix bugs in a timely manner. Worked in Agile / SCRUM Methodology. Help maintain high-level code quality, organization and...
+plus","Niveau d´études requis : Bac+3; Niveau d'expérience : Expérience entre 5 ans et 10 ans; Contrat proposé : CDI, CDD - Freelance; Région de : Abengourou - Abidjan - Aboisso - Adzopé - Agboville - Bondoukou -...; Compétences clés : AGILE - CVS - GIT - MERCURIAL - REST - SCRUM - SWIFT",2024-08-30
Test and Validation Engineer (M/F),AFRICASHORE,https://www.emploi.ci/offre-emploi-cote-ivoire/test-validation-engineer-mf-1386356,"We are looking for Test and Validation Engineer profiles / CVs to pass on to our clients for their future recruitment campaigns.   Mission:   Develop and apply design verification and validation protocols based on system requirements and approved procedures and standards (ISO, IEC and FDA). Identify tasks required to complete projects in accordance with Design Control procedures. Propose technical solutions and associated schedules to complete projects on time. Design and build test benches; follow up maintenance and calibration. Create, analyse and summarise documentation of verification and validation results for internal reviews and regulatory submissions. Supervise and perform...
+plus","Niveau d´études requis : Bac+3; Niveau d'expérience : Expérience entre 5 ans et 10 ans; Contrat proposé : CDI, CDD - Freelance; Région de : Abengourou - Abidjan - Aboisso - Adzopé - Agboville - Bondoukou -...; Compétences clés : CVS - RHEL - SUSE",2024-08-30
Test Automation Engineer (M/F),AFRICASHORE,https://www.emploi.ci/offre-emploi-cote-ivoire/test-automation-engineer-mf-1386357,"We are looking for Test Automation Engineer profiles / CVs to pass on to our clients for their future recruitment campaigns.   Mission:   Develop, maintain, and execute automation tests. Develop and maintain test automation architecture and frameworks. Write complex scripts in one or more programming languages. Ensure scalability of automation and Continuous Integration across the solution. Assist in analysis and piloting of best-in-class automation testing tools and propose commission and use to relevant stakeholders. Design and develop strategic automated tests while maintaining and enhancing frameworks and test tools. Reviews specifications to determine software engineering...
+plus","Niveau d´études requis : Bac+3; Niveau d'expérience : Expérience entre 5 ans et 10 ans; Contrat proposé : CDI, CDD - Freelance; Région de : Abengourou - Abidjan - Aboisso - Adzopé - Agboville - Bondoukou -...; Compétences clés : API - CVS - GIT - GITLAB - JAVASCRIPT - JENKINS - LINUX - MATRIX - MYSQL - ORACLE - PYTHON - SHELL - SQL",2024-08-30
UX / UI Designer (M/F),AFRICASHORE,https://www.emploi.ci/offre-emploi-cote-ivoire/ux-ui-designer-mf-1386358,"We are looking for UX / UI Designer profiles / CVs to pass on to our clients for their future recruitment campaigns.   Mission:   Design graphic user interface elements, like menus, tabs, and widgets. Be in proactive mode to instill new approaches in design. Produce and enhance wireframes, interactive prototypes, user flow diagrams, and other UI-UX design solutions for Desktop & Mobile products. Create visuals for the web (editing, photo, video, etc.). Develop UI mockups and prototypes that clearly illustrate how sites function and look like. Create mock-ups in accordance with the graphic charter of the brand or product. Design interfaces for web and mobile. Build page...
+plus","Niveau d´études requis : Bac+3; Niveau d'expérience : Expérience entre 5 ans et 10 ans; Contrat proposé : CDI, CDD - Freelance; Région de : Abengourou - Abidjan - Aboisso - Adzopé - Agboville - Bondoukou -...; Compétences clés : AJAX - BOOTSTRAP - CSS - CVS - GIT - HTML - ILLUSTRATOR - JAVASCRIPT - PHOTOSHOP",2024-08-30
AWS Cloud Architect (M/F),AFRICASHORE,https://www.emploi.ci/offre-emploi-cote-ivoire/aws-cloud-architect-mf-1386359,"We are looking for  AWS Cloud Architect  profiles / CVs to share with our clients for their future recruitment campaigns.   Mission:   Support and advise clients in the adoption and deployment of AWS services (IT Strategy, Opportunity Study, Audit, Framework and Roadmap). Design solution platforms integrating AWS reference services (Serverless Architecture, Analytics, IoT, EKS, ...) in Native Cloud and Hybrid Cloud contexts. Conduct research, tests, and execute new techniques which could be reused and applied to the project. Accountable for designing, building, and optimizing automation systems that help to execute business web and data infrastructure platforms.
+plus","Niveau d´études requis : Bac+3; Niveau d'expérience : Expérience entre 5 ans et 10 ans; Contrat proposé : CDI, CDD - Freelance; Région de : Abengourou - Abidjan - Aboisso - Adzopé - Agboville - Bondoukou -...; Compétences clés : AGILE - ALM - BASH - CVS - DNS - DOCKER - HTTP - IOT - JENKINS - LOAD BALANCING - PUPPET - PYTHON - REACT - SCRUM - SSL",2024-08-30
AWS Solutions Architect (M/F),AFRICASHORE,https://www.emploi.ci/offre-emploi-cote-ivoire/aws-solutions-architect-mf-1386360,"We are looking for  AWS Solutions Architect profiles / CVs to share with our clients for their future recruitment campaigns.   Mission:   Design a robust, secure and optimized AWS architecture to implement large scale enterprise data solutions and applications. Develop and deliver AWS Cloud solutions in areas such as AIML, advanced analytics, microservices, serverless, etc. Build highly scalable, Cloud-native applications on AWS platform using services like API Gateway, Lambda, SQS, DynamoDB and ECS. Implement and manage KuberNetes environments. Ensure configuration and compliance with configuration management tools. Administer and troubleshoot Linux based...
+plus","Niveau d´études requis : Bac+3; Niveau d'expérience : Expérience entre 5 ans et 10 ans; Contrat proposé : CDI, CDD - Freelance; Région de : Abengourou - Abidjan - Aboisso - Adzopé - Agboville - Bondoukou -...; Compétences clés : API - BIG DATA - CENTOS - CVS - DMS - DNS - DOCKER - HADOOP - HTTP - LINUX - RDS - SPARK - TALEND",2024-08-30
AZURE Solutions Architect (M/F),AFRICASHORE,https://www.emploi.ci/offre-emploi-cote-ivoire/azure-solutions-architect-mf-1386361,"We are looking for  AZURE Solutions Architect profiles / CVs to share with our clients for their future recruitment campaigns.   Mission:   Serve as in-house technical expert providing technical guidance on new features & functionalities, drive the deployment of the customers workloads into Azure and provide deployment guidance. Deliver Cloud platform architecture documents detailing the vision for how Azure infrastructure and platform services support the overall application architecture. Proven background in the design and implementation of large scale, global, complex custom application development systems (e.g., high transaction volumes). Experience problem solving...
+plus","Niveau d´études requis : Bac+3; Niveau d'expérience : Expérience entre 5 ans et 10 ans; Contrat proposé : CDI, CDD - Freelance; Région de : Abengourou - Abidjan - Aboisso - Adzopé - Agboville - Bondoukou -...; Compétences clés : ACCESS - AGILE - ARM - AZURE - COSMOS - CVS - PAAS - REDIS - SHELL - SQL",2024-08-30
Cloud Architect (M/F),AFRICASHORE,https://www.emploi.ci/offre-emploi-cote-ivoire/cloud-architect-mf-1386362,"We are looking for  Cloud Architect profiles / CVs to share with our clients for their future recruitment campaigns.   Mission:   Lead analysis, recommendations, and presentation of approaches on Cloud migration roadmaps, architecture / designs etc. Involve in conducting Azure readiness assessments and evaluations and delivery of assessment reports, architecture/design/ deployment documents & presentations. Architecting Cloud solutions for new applications. Design Cloud architectures, environments, and solutions that meet the business requirements with an emphasis on meeting the overall business goals. Design highly available, scalable and secure solutions using...
+plus","Niveau d´études requis : Bac+3; Niveau d'expérience : Expérience entre 5 ans et 10 ans; Contrat proposé : CDI, CDD - Freelance; Région de : Abengourou - Abidjan - Aboisso - Adzopé - Agboville - Bondoukou -...; Compétences clés : AGILE - API - ARM - AZURE - C# - COSMOS - CVS - LESS - NOSQL - PAAS - SQL - VM",2024-08-30
Cloud Computing and Virtualization Engineer (M/F),AFRICASHORE,https://www.emploi.ci/offre-emploi-cote-ivoire/cloud-computing-virtualization-engineer-mf-1386363,"We are looking for  Cloud Computing and Virtualization Engineer profiles / CVs to share with our clients for their future recruitment campaigns.   Mission:   Must be able to work independently and take ownership. Work proactively and should be result oriented. Discuss with customer to understand the project requirement and suggest industry level Cloud solutions. Design and develop best fit Cloud solutions architecture, Network architecture and evaluate architectural alternatives. Provide technical support for Cloud architecture design, deployment and maintenance. Design secure, scalable and HA / DR strategies on Cloud technologies. Analyse and resolve...
+plus","Niveau d´études requis : Bac+3; Niveau d'expérience : Expérience entre 5 ans et 10 ans; Contrat proposé : CDI, CDD - Freelance; Région de : Abengourou - Abidjan - Aboisso - Adzopé - Agboville - Bondoukou -...; Compétences clés : AZURE - CVS - DOCKER - LINUX",2024-08-30
Cloud Engineer (M/F),AFRICASHORE,https://www.emploi.ci/offre-emploi-cote-ivoire/cloud-engineer-mf-1386364,"We are looking for  Cloud Engineer   profiles / CVs to share with our clients for their future recruitment campaigns.   Mission:   Implement IAM policies and configure VPCs to create a scalable and secure Network for the application workloads. Develop and manage AWS development and migration programs. Build Data Integration scripts using Python to integrate with upstream/downstream systems (within AWS Cloud Services ecosystem). Develop application code for programs while following coding standards.  Resolve queries/issues and provide Application/functional support. Recommend changes to improve established Data Integration processes. Provides...
+plus","Niveau d´études requis : Bac+3; Niveau d'expérience : Expérience entre 5 ans et 10 ans; Contrat proposé : CDI, CDD - Freelance; Région de : Abengourou - Abidjan - Aboisso - Adzopé - Agboville - Bondoukou -...; Compétences clés : API - ARM - BGP - CVS - IAM - PUPPET - PYTHON - RDS - REST",2024-08-30
Cloud Microservices Architect (M/F),AFRICASHORE,https://www.emploi.ci/offre-emploi-cote-ivoire/cloud-microservices-architect-mf-1386365,"We are looking for  Cloud Microservices Architect profiles / CVs to share with our clients for their future recruitment campaigns.   Mission:   Design, build, and maintain Cloud environments focusing on uptime, access, control, and Network security using automation and configuration management tools. Guide the definition of best practices in collaboration with other areas of engineering group. Research and provide guidance on adoption of new technologies. Provide guidance to Product Managers on feasibility pf product requests. You will be creating, recreating, rewriting and refactor applications. You will be working on Cloud-based application development...
+plus","Niveau d´études requis : Bac+3; Niveau d'expérience : Expérience entre 5 ans et 10 ans; Contrat proposé : CDI, CDD - Freelance; Région de : Abengourou - Abidjan - Aboisso - Adzopé - Agboville - Bondoukou -...; Compétences clés : ACCESS - AGILE - AZURE - CVS - DOCKER",2024-08-30
Cloud System Administrator (M/F),AFRICASHORE,https://www.emploi.ci/offre-emploi-cote-ivoire/cloud-system-administrator-mf-1386366,"We are looking for  Cloud System Administrator profiles / CVs to share with our clients for their future recruitment campaigns.   Mission:   Installing, configuring and maintain softwares, servers (on premise / Cloud), Networks and firewalls . Overseeing/troubleshoot system performance, troubleshooting issues and outages Creating a backup and safeguarding the data(on premise / Cloud) if there are any hindrances Performing system upgrades following new releases. Ensuring/Sustaining Network integrity, server deployment, security and efficiency of IT infrastructure . Monitoring and maintaining Network servers such as file servers, VPN gateways and intrusion detection systems...
+plus","Niveau d´études requis : Bac+3; Niveau d'expérience : Expérience entre 5 ans et 10 ans; Contrat proposé : CDI, CDD - Freelance; Région de : Abengourou - Abidjan - Aboisso - Adzopé - Agboville - Bondoukou -...; Compétences clés : AZURE - CENTOS - CVS - DOCKER - LINUX - PERL - PREMISE - PYTHON - REDHAT - VPN - WAN",2024-08-30
Cloud System Integrator (M/F),AFRICASHORE,https://www.emploi.ci/offre-emploi-cote-ivoire/cloud-system-integrator-mf-1386367,"We are looking for Cloud System Integrator profiles / CVs to share with our clients for their future recruitment campaigns.   Mission: Create future-proof system architectures for our highly interconnected 4G/5G communication solutions. Define competitive end-to-end solutions together with top experts from different teams in an international environment. Demonstrate strong understanding of Networking and security architectures and engage in technical discussions with Network and security architects of large enterprises. Present both industry and Zscaler technical architecture as it relates to customers and prospects environment and technical requirements. Ensure that our solutions fit smoothly...
+plus","Niveau d´études requis : Bac+3; Niveau d'expérience : Expérience entre 5 ans et 10 ans; Contrat proposé : CDI, CDD - Freelance; Région de : Abengourou - Abidjan - Aboisso - Adzopé - Agboville - Bondoukou -...; Compétences clés : AGILE - CVS",2024-08-30
Cyber Security Engineer (M/F),AFRICASHORE,https://www.emploi.ci/offre-emploi-cote-ivoire/cyber-security-engineer-mf-1386368,"We are looking for Cyber Security Engineer profiles / CVs to share with our clients for their future recruitment campaigns.   Mission: Act as an internal subject matter expert with respect to CVA scanning and reporting. Assist in maintenance of the enterprise to VMLC (Vulnerability Management Life Cycle) policy and associated VM standard. Conduct required tasks for the vulnerability scanning program and publish reported vulnerabilities to impacted teams for remediation. Triage and risk rank vulnerabilities according to severity and exposure. Work with Product and IT teams to risk rank and patch vulnerabilities related to the technology stack. Develop remediation plans for vulnerabilities....
+plus","Niveau d´études requis : Bac+3; Niveau d'expérience : Expérience entre 5 ans et 10 ans; Contrat proposé : CDI, CDD - Freelance; Région de : Abengourou - Abidjan - Aboisso - Adzopé - Agboville - Bondoukou -...; Compétences clés : CVS - ENDPOINT - IDEAL - JAVASCRIPT - PYTHON - VM",2024-08-30
DATASTAGE Architect (M/F),AFRICASHORE,https://www.emploi.ci/offre-emploi-cote-ivoire/datastage-architect-mf-1386369,"We are looking for DATASTAGE Architect profiles / CVs to share with our clients for their future recruitment campaigns.   Mission: Define and supervise all activities within your scope by using and optimising the resources allocated. Control the implementation of the activities under your responsibility and report on the results. Responsible for the level of service quality, compliance with standards and the level of safety within the assigned perimeter. Supervise and monitor of assigned projects (monitoring of workloads, definition of deadlines and delivery milestones, identification of deliverables and work to be carried out, task planning, monitoring of work, management of corrective measures,...
+plus","Niveau d´études requis : Bac+3; Niveau d'expérience : Expérience entre 5 ans et 10 ans; Contrat proposé : CDI, CDD - Freelance; Région de : Abengourou - Abidjan - Aboisso - Adzopé - Agboville - Bondoukou -...; Compétences clés : AZURE - CVS - DATASTAGE - INFORMATICA - J2EE - JAVA - MONGODB - ORACLE - SQL - TALEND",2024-08-30
GENESYS Architect (M/F),AFRICASHORE,https://www.emploi.ci/offre-emploi-cote-ivoire/genesys-architect-mf-1386370,"We are looking for GENESYS Architect profiles / CVs to share with our clients for their future recruitment campaigns.   Mission: Deep and relevant expertise on Genesis Cloud services, along with contact center industry experience. Be the direct point of technical contact to provide high-quality consultancy for Genesys solutions to customers. Develop and maintain integration and Cloud solutions. Knowledge and experience on Cloud computing models (IaaS, PaaS, and SaaS). Experience with software development and one or more development or scripting languages (e.g. Java. Golang, Python, JavaScript, TypeScript, Bash, PowerShell). Self-starter with deep hands-on work experience with production...
+plus","Niveau d´études requis : Bac+3; Niveau d'expérience : Expérience entre 5 ans et 10 ans; Contrat proposé : CDI, CDD - Freelance; Région de : Abengourou - Abidjan - Aboisso - Adzopé - Agboville - Bondoukou -...; Compétences clés : BASH - CVS - GENESYS - JAVA - JAVASCRIPT - PAAS - POWERSHELL - PYTHON - VMWARE",2024-08-30
Network Architect (M/F),AFRICASHORE,https://www.emploi.ci/offre-emploi-cote-ivoire/network-architect-mf-1386371,"We are looking for Network Architect profiles / CVs to share with our clients for their future recruitment campaigns.   Mission: Deliver Core Backbone Network Designs in alignment with industry best practices. Deliver Customer Network Designs in alignment with industry best practices. Support and Alignment with Internal Teams. Contributor to Automation Stakeholders to deliver speed and accuracy for the enablement of new services. Perform Core Network Changes. Manage technical Network solutions and framework of [24]7 Network infrastructure. Perform Network troubleshooting to isolate and diagnose common Network problems. Upgrade Network hardware and software components as required...
+plus","Niveau d´études requis : Bac+3; Niveau d'expérience : Expérience entre 5 ans et 10 ans; Contrat proposé : CDI, CDD - Freelance; Région de : Abengourou - Abidjan - Aboisso - Adzopé - Agboville - Bondoukou -...; Compétences clés : BGP - CISCO - CVS - DHCP - DNS - ETHERNET - JUNIPER - MPLS - PYTHON - SNMP - TCP IP - WAN",2024-08-30
DBA IMS/DB2 Z/OS(H/F),AFRICASHORE,https://www.emploi.ci/offre-emploi-cote-ivoire/dba-imsdb2-zoshf-1386372,"Nous recherchons des profils / CV de DBA IMS/DB2 Z/OS (H/F) pour les transmettre à nos clients dans le cadre de leurs futures campagnes de recrutement.   Mission :   Assistance au développement technique Z/OS. Maintenance des projets, support aux analystes Z. Mise en œuvre opérationnelle des projets de développement. Assurer le maintien en conditions opérationnelles. Réaliser la maintenance (mise à jour de versions, patchs management). Construction de nouveaux socles techniques. Traitement et incidents de niveau 3. Suivi et analyse des performances.
+plus","Niveau d´études requis : Bac+3; Niveau d'expérience : Expérience entre 5 ans et 10 ans; Contrat proposé : CDI, CDD - Freelance; Région de : Abengourou - Abidjan - Aboisso - Adzopé - Agboville - Bondoukou -...; Compétences clés : ASSEMBLEUR - COBOL - DB2 - FORTRAN - ISPF - JCL - SAS - SDSF - TCP IP - TSO - TWS - VSAM",2024-08-30
Z/OS System Engineer Senior Storage(H/F),AFRICASHORE,https://www.emploi.ci/offre-emploi-cote-ivoire/zos-system-engineer-senior-storagehf-1386373,"Nous recherchons des profils / CV de Z/OS System Engineer Senior Storage (H/F) pour les transmettre à nos clients dans le cadre de leurs futures campagnes de recrutement. Mission :   Mise en œuvre, suivi et gestion technique opérationnelle des opérations, Enrichissement et rechargement des environnements Mainframe z/OS d’homologation et de répétition de bascules. Définition des partitions (création du socle, SGBD, middlewares transactionnels et flux, service techniques, sécurité), clonage et alimentation de données, interopération avec les environnements mainframe et distribués (non mainframe)....
+plus","Niveau d´études requis : Bac+3; Niveau d'expérience : Expérience entre 5 ans et 10 ans; Contrat proposé : CDI, CDD - Freelance; Région de : Abengourou - Abidjan - Aboisso - Adzopé - Agboville - Bondoukou -...; Compétences clés : CICS - DB2 - IBM - JCL - MVS - TSO - VSAM - ZOS",2024-08-30
Ingénieur Système Z/OS Middleware (H/F),AFRICASHORE,https://www.emploi.ci/offre-emploi-cote-ivoire/ingenieur-systeme-zos-middleware-hf-1386374,"Nous recherchons des profils / CV de Ingénieur Système Z/OS Middleware (H/F ) pour les transmettre à nos clients dans le cadre de leurs futures campagnes de recrutement.   Mission :   Ingénieur système Z/OS expérimenté, être capable d'installer, de paramétrer, d'activer et d'exécuter tant l'investigation et la résolution des problèmes des produits habituellement utilisés dans un environnement z/OS. Equipe en charge de la gestion d'un environnement mainframe (HW / SW) incluant la sécurité associée (RACF), le stockage (DASD, Tape, B&R, DRP), la conformité, la mé...
+plus","Niveau d´études requis : Bac+3; Niveau d'expérience : Expérience entre 5 ans et 10 ans; Contrat proposé : CDI, CDD - Freelance; Région de : Abengourou - Abidjan - Aboisso - Adzopé - Agboville - Bondoukou -...; Compétences clés : ASSEMBLEUR - COBOL - JAVA - LDAP - NETVIEW - TCP IP - TWS - VTAM",2024-08-30
Consultant SAP ABAP (H/F),AFRICASHORE,https://www.emploi.ci/offre-emploi-cote-ivoire/consultant-sap-abap-hf-1417099,"Nous recherchons un Consultant SAP ABAP (H/F) pour notre client, une société multinationale dans le domaine des services informatiques.   Mission :   Assurer la liaison avec les équipes de livraison pour aider à développer l'activité autour des caractéristiques techniques à venir, conformément à la stratégie et aux objectifs de l'organisation. Participation aux phases de conception et réalisation des développements. Mentorat des membres juniors de l'équipe ABAP ou de l'équipe technique au sein de l'organisation. Vous êtes en charge de la construction d'actifs et d'accélé...
+plus",Niveau d´études requis : Bac+3; Niveau d'expérience : Expérience entre 2 ans et 5 ans; Contrat proposé : CDI - Freelance; Région de : Abengourou - Abidjan - Aboisso - Adzopé - Agboville - Bondoukou -...; Compétences clés : ABAP - SAP,2024-08-30
Consultant SAP FI-CO/PS (H/F),AFRICASHORE,https://www.emploi.ci/offre-emploi-cote-ivoire/consultant-sap-fi-cops-hf-1417100,"Nous recherchons un Consultant SAP FI-CO/PS (H/F) pour notre client, une société multinationale dans le domaine des services informatiques.   Mission :   Concevoir, mettre en œuvre, déployer et soutenir les solutions financières SAP pour la finance, la comptabilité, le contrôle des coûts et le contrôle de gestion. Maintenir les compétences dans la conception et la configuration des processus des applications SAP ; la conception, le développement, l'intégration, les tests et le déploiement des applications SAP ; et l'architecture technique des applications SAP. Comprendre les exigences de l'entreprise afin de...
+plus",Niveau d´études requis : Bac+3; Niveau d'expérience : Expérience entre 2 ans et 5 ans; Contrat proposé : CDI - Freelance; Région de : Abengourou - Abidjan - Aboisso - Adzopé - Agboville - Bondoukou -...; Compétences clés : SAP,2024-08-30
Consultant SAP EHS (H/F),AFRICASHORE,https://www.emploi.ci/offre-emploi-cote-ivoire/consultant-sap-ehs-hf-1417101,"Nous recherchons un Consultant SAP EHS (H/F) pour notre client, une société multinationale dans le domaine des services informatiques.   Mission :   Définir le champ d'application et les priorités opérationnelles pour les changements à petite échelle et peut participer à des exercices de définition du champ d'application à plus grande échelle. Spécifier et documenter les exigences opérationnelles selon les instructions, en assurant la traçabilité jusqu'à la source. Les analysées pour s'assurer qu'elles correspondent aux objectifs de l'entreprise et qu'elles sont cohérentes...
+plus",Niveau d´études requis : Bac+3; Niveau d'expérience : Expérience entre 2 ans et 5 ans; Contrat proposé : CDI - Freelance; Région de : Abengourou - Abidjan - Aboisso - Adzopé - Agboville - Bondoukou -...; Compétences clés : REACH - SAP,2024-08-30
Consultant SAP Senior (H/F),AFRICASHORE,https://www.emploi.ci/offre-emploi-cote-ivoire/consultant-sap-senior-hf-1417102,"Nous recherchons un Consultant SAP Sénior (H/F) pour notre client, une société multinationale dans le domaine des services informatiques.   Mission :   Participer aux études préalables et à l'élaboration des cahiers des charges. Mener de bout en bout les enrichissements/projets validés au carnet de travail Logistique SAP Achats, Stocks voire Production Planning (conception, paramétrage, réalisation, tests, conduite du changement, formation, support post go-live…) avec un fort engagement de résultat et une forte interaction avec les correspondants métiers. Participer au développement et au...
+plus",Niveau d´études requis : Bac+3; Niveau d'expérience : Expérience entre 2 ans et 5 ans; Contrat proposé : CDI - Freelance; Région de : Abengourou - Abidjan - Aboisso - Adzopé - Agboville - Bondoukou -...; Compétences clés : ABAP - SAP,2024-08-30
Consultant SAP MM/SD/EWM/PP/QM/CAR (H/F),AFRICASHORE,https://www.emploi.ci/offre-emploi-cote-ivoire/consultant-sap-mmsdewmppqmcar-hf-1417103,"Nous recherchons un Consultant SAP MM/SD/EWM/PP/QM/CAR (H/F) pour notre client, une société multinationale dans le domaine des services informatiques.   Mission :   Accompagner et soutenir nos utilisateurs sur leurs activités et problématiques quotidiennes en étant force de proposition pour l’amélioration continue de la solution. Mener de bout en bout les enrichissements/projets validés au carnet de travail Logistique SAP Achats, Stocks voire Production Planning (conception, paramétrage, réalisation, tests, conduite du changement, formation, support post go-live…) avec un fort engagement de résultat et une forte...
+plus",Niveau d´études requis : Bac+3; Niveau d'expérience : Expérience entre 2 ans et 5 ans; Contrat proposé : CDI - Freelance; Région de : Abengourou - Abidjan - Aboisso - Adzopé - Agboville - Bondoukou -...; Compétences clés : SAP,2024-08-30
Lead Développeur Java JEE (H/F),AFRICASHORE,https://www.emploi.ci/offre-emploi-cote-ivoire/lead-developpeur-java-jee-hf-1417104,"Nous recherchons un Lead Développeur Java JEE (H/F) pour notre client, une société multinationale dans le domaine des services informatiques.   Poste & Mission :   Intégré-e dans la Direction R&D au sein du service d’Architecture Technique des équipes de Développement, en charge de domaines techniques précis, votre périmètre comprend.   Conception et développements techniques sur des technologies java/JEE ; Evolution et maintenance du Framework du progiciel ; Instruction et débogage des problèmes techniques avancés ; Participation au chiffrage et à la conception...
+plus",Niveau d´études requis : Bac+3; Niveau d'expérience : Expérience entre 5 ans et 10 ans; Contrat proposé : CDI - Freelance; Région de : Abengourou - Abidjan - Aboisso - Adzopé - Agboville - Bondoukou -...; Compétences clés : AGILE - CSS - ECLIPSE - HIBERNATE - HTML - JAVA - JAVA JEE - JAVASCRIPT - JENKINS - JUNIT - MAVEN - SPRING - UML,2024-08-30
